adduser	3.137ubuntu1
amd64-microcode	3.20251202.1ubuntu0.24.04.1
apparmor	4.0.1really4.0.1-0ubuntu0.24.04.8
apport	2.28.3-0ubuntu0.1
apport-core-dump-handler	2.28.3-0ubuntu0.1
apt	2.8.3
base-files	13ubuntu10.5
base-passwd	3.6.3build1
bash	5.2.21-2ubuntu4
bsdutils	1:2.39.3-9ubuntu6.6
ca-certificates	20260601~24.04.1
cloud-guest-utils	0.33-1
cloud-init	26.1-0ubuntu1~24.04.1
console-setup	1.226ubuntu1.1
console-setup-linux	1.226ubuntu1.1
coreutils	9.4-3ubuntu6.3
cpio	2.15+dfsg-1ubuntu2.1
curl	8.5.0-2ubuntu10.15
dash	0.5.12-6ubuntu5
dbus	1.14.10-4ubuntu4.1
dbus-bin	1.14.10-4ubuntu4.1
dbus-daemon	1.14.10-4ubuntu4.1
dbus-session-bus-common	1.14.10-4ubuntu4.1
dbus-system-bus-common	1.14.10-4ubuntu4.1
dbus-user-session	1.14.10-4ubuntu4.1
debconf	1.5.86ubuntu1
debianutils	5.17build1
dhcpcd-base	1:10.0.6-1ubuntu3.2
diffutils	1:3.10-1ubuntu0.1
distro-info	1.7build1
distro-info-data	0.72-0ubuntu0.24.04.1
dmidecode	3.5-3ubuntu0.2
dmsetup	2:1.02.185-3ubuntu3.2
dpkg	1.22.6ubuntu6.6
e2fsprogs	1.47.0-2.4~exp1ubuntu4.1
ethtool	1:6.7-1build1
fdisk	2.39.3-9ubuntu6.6
findutils	4.9.0-5build1
fontconfig-config	2.15.0-1.1ubuntu2
fonts-dejavu-core	2.37-8
fonts-dejavu-mono	2.37-8
fuse3	3.14.0-5build1
gcc-14-base:amd64	14.2.0-4ubuntu2~24.04.1
gettext-base	0.21-14ubuntu2
gir1.2-girepository-2.0:amd64	1.80.1-1
gir1.2-glib-2.0:amd64	2.80.0-6ubuntu3.9
gpgv	2.4.4-2ubuntu17.6
grep	3.11-4build1
grub-common	2.12-1ubuntu7.3
grub-efi-amd64-bin	2.12-1ubuntu7.3
grub-efi-amd64-signed	1.202.5+2.12-1ubuntu7.3
grub-gfxpayload-lists	0.7build2
grub-pc	2.12-1ubuntu7.3
grub-pc-bin	2.12-1ubuntu7.3
grub2-common	2.12-1ubuntu7.3
gzip	1.12-1ubuntu3.2
hostname	3.23+nmu2ubuntu2
init-system-helpers	1.66ubuntu1
intel-microcode	3.20260210.0ubuntu0.24.04.1
iproute2	6.1.0-1ubuntu6.4
iucode-tool	2.3.1-3build1
kbd	2.6.4-2ubuntu2
keyboard-configuration	1.226ubuntu1.1
kmod	31+20240202-2ubuntu7.2
libacl1:amd64	2.3.2-1build1.1
libapparmor1:amd64	4.0.1really4.0.1-0ubuntu0.24.04.8
libapt-pkg6.0t64:amd64	2.8.3
libargon2-1:amd64	0~20190702+dfsg-4build1
libassuan0:amd64	2.5.6-1build1
libattr1:amd64	1:2.5.2-1ubuntu0.1
libaudit-common	1:3.1.2-2.1ubuntu0.1
libaudit1:amd64	1:3.1.2-2.1ubuntu0.1
libblkid1:amd64	2.39.3-9ubuntu6.6
libbpf1:amd64	1:1.3.0-2build2
libbrotli1:amd64	1.1.0-2build2
libbsd0:amd64	0.12.1-1build1.1
libbz2-1.0:amd64	1.0.8-5.1ubuntu0.1
libc-bin	2.39-0ubuntu8.9
libc6:amd64	2.39-0ubuntu8.9
libcairo2:amd64	1.18.0-3build1
libcap-ng0:amd64	0.8.4-2build2
libcap2:amd64	1:2.66-5ubuntu2.4
libcap2-bin	1:2.66-5ubuntu2.4
libcbor0.10:amd64	0.10.2-1.2ubuntu2
libcom-err2:amd64	1.47.0-2.4~exp1ubuntu4.1
libcrypt1:amd64	1:4.4.36-4build1
libcryptsetup12:amd64	2:2.7.0-1ubuntu4.2
libcurl3t64-gnutls:amd64	8.5.0-2ubuntu10.15
libcurl4t64:amd64	8.5.0-2ubuntu10.15
libdb5.3t64:amd64	5.3.28+dfsg2-7
libdbus-1-3:amd64	1.14.10-4ubuntu4.1
libdebconfclient0:amd64	0.271ubuntu3
libdeflate0:amd64	1.19-1build1.1
libdevmapper1.02.1:amd64	2:1.02.185-3ubuntu3.2
libdrm-amdgpu1:amd64	2.4.125-1ubuntu0.1~24.04.2
libdrm-common	2.4.125-1ubuntu0.1~24.04.2
libdrm-intel1:amd64	2.4.125-1ubuntu0.1~24.04.2
libdrm2:amd64	2.4.125-1ubuntu0.1~24.04.2
libedit2:amd64	3.1-20230828-1build1
libefiboot1t64:amd64	38-3.1build1
libefivar1t64:amd64	38-3.1build1
libelf1t64:amd64	0.190-1.1ubuntu0.1
libexpat1:amd64	2.6.1-2ubuntu0.6
libext2fs2t64:amd64	1.47.0-2.4~exp1ubuntu4.1
libfdisk1:amd64	2.39.3-9ubuntu6.6
libffi8:amd64	3.4.6-1build1
libfido2-1:amd64	1.14.0-1build3
libfontconfig1:amd64	2.15.0-1.1ubuntu2
libfreetype6:amd64	2.13.2+dfsg-1ubuntu0.1
libfuse3-3:amd64	3.14.0-5build1
libgbm1:amd64	25.2.8-0ubuntu0.24.04.4
libgcc-s1:amd64	14.2.0-4ubuntu2~24.04.1
libgcrypt20:amd64	1.10.3-2ubuntu0.2
libgirepository-1.0-1:amd64	1.80.1-1
libgl1:amd64	1.7.0-1build1
libgl1-mesa-dri:amd64	25.2.8-0ubuntu0.24.04.4
libglib2.0-0t64:amd64	2.80.0-6ubuntu3.9
libglu1-mesa:amd64	9.0.2-1.1build1
libglvnd0:amd64	1.7.0-1build1
libglx-mesa0:amd64	25.2.8-0ubuntu0.24.04.4
libglx0:amd64	1.7.0-1build1
libgmp10:amd64	2:6.3.0+dfsg-2ubuntu6.1
libgnutls30t64:amd64	3.8.3-1.1ubuntu3.6
libgpg-error0:amd64	1.47-3build2.1
libgssapi-krb5-2:amd64	1.20.1-6ubuntu2.10
libhogweed6t64:amd64	3.9.1-2.2build1.1
libice6:amd64	2:1.0.10-1build3
libicu74:amd64	74.2-1ubuntu3.1
libidn2-0:amd64	2.3.7-2build1.1
libjbig0:amd64	2.1-6.1ubuntu2
libjpeg-turbo8:amd64	2.1.5-2ubuntu2
libjpeg8:amd64	8c-2ubuntu11
libjson-c5:amd64	0.17-1build1
libk5crypto3:amd64	1.20.1-6ubuntu2.10
libkeyutils1:amd64	1.6.3-3build1
libkmod2:amd64	31+20240202-2ubuntu7.2
libkrb5-3:amd64	1.20.1-6ubuntu2.10
libkrb5support0:amd64	1.20.1-6ubuntu2.10
liblcms2-2:amd64	2.14-2ubuntu0.1
libldap2:amd64	2.6.10+dfsg-0ubuntu0.24.04.1
liblerc4:amd64	4.0.0+ds-4ubuntu2
libllvm20:amd64	1:20.1.2-0ubuntu1~24.04.3
liblocale-gettext-perl	1.07-6ubuntu5
liblz4-1:amd64	1.9.4-1build1.1
liblzma5:amd64	5.6.1+really5.4.5-1ubuntu0.3
liblzo2-2:amd64	2.10-2build4
libmd0:amd64	1.1.0-2build1.1
libmnl0:amd64	1.0.5-2build1
libmount1:amd64	2.39.3-9ubuntu6.6
libncursesw6:amd64	6.4+20240113-1ubuntu2.2
libnetplan1:amd64	1.1.2-8ubuntu1~24.04.3
libnettle8t64:amd64	3.9.1-2.2build1.1
libnghttp2-14:amd64	1.59.0-1ubuntu0.4
libnpth0t64:amd64	1.6-3.1build1
libnspr4:amd64	2:4.35-1.1build1
libnss3:amd64	2:3.98-1ubuntu0.2
libopengl0:amd64	1.7.0-1build1
libopenjp2-7:amd64	2.5.0-2ubuntu0.5
libp11-kit0:amd64	0.25.3-4ubuntu2.2
libpam-modules:amd64	1.5.3-5ubuntu5.7
libpam-modules-bin	1.5.3-5ubuntu5.7
libpam-runtime	1.5.3-5ubuntu5.7
libpam-systemd:amd64	255.4-1ubuntu8.17
libpam0g:amd64	1.5.3-5ubuntu5.7
libparted2t64:amd64	3.6-4build1
libpci3:amd64	1:3.10.0-2build1
libpciaccess0:amd64	0.17-3ubuntu0.24.04.3
libpcre2-8-0:amd64	10.42-4ubuntu2.1
libpixman-1-0:amd64	0.42.2-1build1
libpng16-16t64:amd64	1.6.43-5ubuntu0.6
libpoppler134:amd64	24.02.0-1ubuntu9.9
libproc2-0:amd64	2:4.0.4-4ubuntu3.3
libpsl5t64:amd64	0.21.2-1.1build1
libpython3-stdlib:amd64	3.12.3-0ubuntu2.1
libpython3.12-minimal:amd64	3.12.3-1ubuntu0.17
libpython3.12-stdlib:amd64	3.12.3-1ubuntu0.17
libreadline8t64:amd64	8.2-4build1
librtmp1:amd64	2.4+20151223.gitfa8646d.1-2build7
libsasl2-2:amd64	2.1.28+dfsg1-5ubuntu3.1
libsasl2-modules-db:amd64	2.1.28+dfsg1-5ubuntu3.1
libseccomp2:amd64	2.5.5-1ubuntu3.1
libselinux1:amd64	3.5-2ubuntu2.1
libsemanage-common	3.5-1build5
libsemanage2:amd64	3.5-1build5
libsensors-config	1:3.6.0-9build1
libsensors5:amd64	1:3.6.0-9build1
libsepol2:amd64	3.5-2build1
libsharpyuv0:amd64	1.3.2-0.4build3
libsm6:amd64	2:1.2.3-1build3
libsmartcols1:amd64	2.39.3-9ubuntu6.6
libsqlite3-0:amd64	3.45.1-1ubuntu2.8
libss2:amd64	1.47.0-2.4~exp1ubuntu4.1
libssh-4:amd64	0.10.6-2ubuntu0.5
libssl3t64:amd64	3.0.13-0ubuntu3.16
libstdc++6:amd64	14.2.0-4ubuntu2~24.04.1
libsystemd-shared:amd64	255.4-1ubuntu8.17
libsystemd0:amd64	255.4-1ubuntu8.17
libtasn1-6:amd64	4.19.0-3ubuntu0.24.04.2
libtiff6:amd64	4.5.1+git230720-4ubuntu2.5
libtinfo6:amd64	6.4+20240113-1ubuntu2.2
libudev1:amd64	255.4-1ubuntu8.17
libunistring5:amd64	1.1-2build1.1
libusb-1.0-0:amd64	2:1.0.27-1
libuuid1:amd64	2.39.3-9ubuntu6.6
libvulkan1:amd64	1.3.275.0-1build1
libwebp7:amd64	1.3.2-0.4build3
libwrap0:amd64	7.6.q-33
libx11-6:amd64	2:1.8.7-1build1
libx11-data	2:1.8.7-1build1
libx11-xcb1:amd64	2:1.8.7-1build1
libxau6:amd64	1:1.0.9-1build6
libxcb-dri3-0:amd64	1.15-1ubuntu2
libxcb-glx0:amd64	1.15-1ubuntu2
libxcb-present0:amd64	1.15-1ubuntu2
libxcb-randr0:amd64	1.15-1ubuntu2
libxcb-render0:amd64	1.15-1ubuntu2
libxcb-shm0:amd64	1.15-1ubuntu2
libxcb-sync1:amd64	1.15-1ubuntu2
libxcb-xfixes0:amd64	1.15-1ubuntu2
libxcb1:amd64	1.15-1ubuntu2
libxdmcp6:amd64	1:1.1.3-0ubuntu6
libxext6:amd64	2:1.3.4-1build2
libxml2:amd64	2.9.14+dfsg-1.3ubuntu3.9
libxrender1:amd64	1:0.9.10-1.1build1
libxshmfence1:amd64	1.3-1build5
libxtables12:amd64	1.8.10-3ubuntu2
libxxf86vm1:amd64	1:1.1.4-1build4
libxxhash0:amd64	0.8.2-2build1
libyaml-0-2:amd64	0.2.5-1build1
libzstd1:amd64	1.5.5+dfsg2-2build1.1
linux-base	4.5ubuntu9+24.04.2
linux-image-6.8.0-146-generic	6.8.0-146.146
linux-image-virtual	6.8.0-146.146
linux-modules-6.8.0-146-generic	6.8.0-146.146
login	1:4.13+dfsg1-4ubuntu3.2
logsave	1.47.0-2.4~exp1ubuntu4.1
lsb-release	12.0-2
lxd-agent-loader	0.7ubuntu0.1
lxd-installer	4ubuntu0.1
mawk	1.3.4.20240123-1build1
media-types	10.1.0
mesa-libgallium:amd64	25.2.8-0ubuntu0.24.04.4
microcode-initrd	3build1
mokutil	0.6.0-2build3
mount	2.39.3-9ubuntu6.6
ncurses-base	6.4+20240113-1ubuntu2.2
ncurses-bin	6.4+20240113-1ubuntu2.2
netbase	6.4
netplan-generator	1.1.2-8ubuntu1~24.04.3
netplan.io	1.1.2-8ubuntu1~24.04.3
openssh-client	1:9.6p1-3ubuntu13.19
openssh-server	1:9.6p1-3ubuntu13.19
openssh-sftp-server	1:9.6p1-3ubuntu13.19
openssl	3.0.13-0ubuntu3.16
parted	3.6-4build1
passwd	1:4.13+dfsg1-4ubuntu3.2
pci.ids	0.0~2024.03.31-1ubuntu0.1
pciutils	1:3.10.0-2build1
perl-base	5.38.2-3.2ubuntu0.6
pollinate	4.33-3.1ubuntu1.3
poppler-utils	24.02.0-1ubuntu9.9
procps	2:4.0.4-4ubuntu3.3
python-apt-common	2.7.7ubuntu5.3
python3	3.12.3-0ubuntu2.1
python3-apport	2.28.3-0ubuntu0.1
python3-apt	2.7.7ubuntu5.3
python3-attr	23.2.0-2
python3-blinker	1.7.0-1
python3-certifi	2023.11.17-1
python3-cffi-backend:amd64	1.16.0-2build1
python3-chardet	5.2.0+dfsg-1
python3-click	8.1.6-2
python3-colorama	0.4.6-4
python3-configobj	5.0.8-3
python3-cryptography	41.0.7-4ubuntu0.4
python3-dbus	1.3.2-5build3
python3-debconf	1.5.86ubuntu1
python3-distro	1.9.0-1
python3-distro-info	1.7build1
python3-distupgrade	1:24.04.29
python3-gi	3.48.2-1
python3-httplib2	0.20.4-3ubuntu0.1
python3-idna	3.6-2ubuntu0.2
python3-jinja2	3.1.2-1ubuntu1.3
python3-json-pointer	2.0-0ubuntu1
python3-jsonpatch	1.32-3
python3-jsonschema	4.10.3-2ubuntu1
python3-jwt	2.7.0-1ubuntu0.2
python3-launchpadlib	1.11.0-6
python3-lazr.restfulclient	0.14.6-1
python3-lazr.uri	1.0.6-3
python3-markupsafe	2.1.5-1build2
python3-minimal	3.12.3-0ubuntu2.1
python3-netplan	1.1.2-8ubuntu1~24.04.3
python3-oauthlib	3.2.2-1
python3-pip-whl	24.0+dfsg-1ubuntu1.3
python3-pkg-resources	68.1.2-2ubuntu1.2
python3-problem-report	2.28.3-0ubuntu0.1
python3-pyparsing	3.1.1-1
python3-pyrsistent:amd64	0.20.0-1build2
python3-requests	2.31.0+dfsg-1ubuntu1.2
python3-serial	3.5-2
python3-setuptools-whl	68.1.2-2ubuntu1.2
python3-six	1.16.0-4
python3-update-manager	1:24.04.12
python3-urllib3	2.0.7-1ubuntu0.7
python3-wadllib	1.3.6-5
python3-xkit	0.5.0ubuntu6
python3-yaml	6.0.1-2build2
python3.12	3.12.3-1ubuntu0.17
python3.12-minimal	3.12.3-1ubuntu0.17
python3.12-venv	3.12.3-1ubuntu0.17
readline-common	8.2-4build1
sbsigntool	0.9.4-3.1ubuntu7
secureboot-db	1.9build1
sed	4.9-2ubuntu0.24.04.1
sensible-utils	0.0.22
shim-signed	1.58+15.8-0ubuntu1
snapd	2.76.3+ubuntu24.04
squashfs-tools	1:4.6.1-1build1
ssh-import-id	5.11-0ubuntu2.24.04.1
sudo	1.9.15p5-3ubuntu5.24.04.3
systemd	255.4-1ubuntu8.17
systemd-dev	255.4-1ubuntu8.17
systemd-resolved	255.4-1ubuntu8.17
systemd-sysv	255.4-1ubuntu8.17
systemd-timesyncd	255.4-1ubuntu8.17
sysvinit-utils	3.08-6ubuntu3
tar	1.35+dfsg-3ubuntu0.4
tzdata	2026c-0ubuntu0.24.04.1
ubuntu-cloud-minimal	1.539.2
ubuntu-drivers-common	1:0.9.7.6ubuntu3.7
ubuntu-keyring	2023.11.28.1
ubuntu-pro-client	37.2ubuntu~24.04.1
ubuntu-release-upgrader-core	1:24.04.29
ucf	3.0043+nmu1
udev	255.4-1ubuntu8.17
unattended-upgrades	2.9.1+nmu4ubuntu1
unminimize	0.2.1
usbutils	1:017-3build1
util-linux	2.39.3-9ubuntu6.6
wget	1.21.4-1ubuntu4.5
x11-common	1:7.7+23ubuntu3
xkb-data	2.41-2ubuntu1.1
xxd	2:9.1.0016-1ubuntu7.20
xz-utils	5.6.1+really5.4.5-1ubuntu0.3
zlib1g:amd64	1:1.3.dfsg-3.1ubuntu2.2
